{
  "researcher": {
    "description": "Здатний знаходити нові можливості та підтримувати ідеї.",
    "strengths": "Швидке сприйняття нових можливостей, ентузіазм.",
    "weaknesses": "Може втрачати інтерес після початкового етапу.",
    "position": "Інноватор, шукач можливостей"
  },
  "diplomat": {
    "description": "Добре ладить з іншими, створює гармонійні стосунки.",
    "strengths": "Кооперація, емпатія, дипломатичність.",
    "weaknesses": "Схильність уникати конфліктів, що може знизити ефективність.",
    "position": "Миротворець, підтримка гармонії"
  },
  "generatorOfIdeas": {
    "description": "Генерує нові та оригінальні ідеї.",
    "strengths": "Креативність, уявлення нестандартних рішень.",
    "weaknesses": "Може не враховувати практичність своїх ідей.",
    "position": "Ідейний лідер"
  },
  "coordinator": {
    "description": "Організовує роботу команди, розподіляє завдання.",
    "strengths": "Сильні лідерські якості, стратегічне мислення.",
    "weaknesses": "Може виглядати домінуючим або авторитарним.",
    "position": "Координатор, організатор"
  },
  "specialist": {
    "description": "Має вузьку спеціалізацію та експертні знання.",
    "strengths": "Глибоке знання своєї галузі.",
    "weaknesses": "Може зосереджуватися лише на своїй спеціалізації.",
    "position": "Експерт, вузькопрофільний спеціаліст"
  },
  "creator": {
    "description": "Зосереджується на досягненні цілей за будь-яку ціну.",
    "strengths": "Рішучість, цілеспрямованість.",
    "weaknesses": "Може ігнорувати думки інших.",
    "position": "Цілеспрямований виконавець"
  },
  "implementer": {
    "description": "Втілює плани в реальність, забезпечує завершення проекту.",
    "strengths": "Практичність, надійність.",
    "weaknesses": "Схильність до ригідності, може чинити опір змінам.",
    "position": "Практик, виконавець"
  },
  "expert": {
    "description": "Пропонує зважені аргументи та альтернативні рішення.",
    "strengths": "Аналітичність, критичне мислення.",
    "weaknesses": "Може здаватися надмірно обережним.",
    "position": "Аналітик, радник"
  }
}
